Order_ID,Order_Date,Customer_ID,Product_Name,Category,Price,Quantity,Total_Sales,Customer_Segment
1,2023-11-24,1102,Kahve Makinesi,Mutfak,150,1,150,Kurumsal
2,2023-02-27,1435,Kulaklýk,Elektronik,100,1,100,Kurumsal
3,2023-01-13,1860,Klavye,Elektronik,50,3,150,Premium
4,2023-05-21,1270,Telefon,Elektronik,600,4,2400,Bireysel
5,2023-05-06,1106,Klavye,Elektronik,50,1,50,Premium
6,2023-04-25,1071,Mouse,Elektronik,25,2,50,Bireysel
7,2023-03-13,1700,Laptop,Elektronik,800,1,800,Premium
8,2023-02-22,1020,Klavye,Elektronik,50,2,100,Kurumsal
9,2023-12-13,1614,Telefon,Elektronik,600,4,2400,Kurumsal
10,2023-10-07,1121,Blender,Mutfak,120,3,360,Kurumsal
11,2023-02-14,1466,Blender,Mutfak,120,1,120,Kurumsal
12,2023-10-30,1214,Telefon,Elektronik,600,3,1800,Bireysel
13,2023-08-05,1330,Kalem,Kýrtasiye,2,1,2,Premium
14,2023-01-17,1458,Mouse,Elektronik,25,2,50,Bireysel
15,2023-01-16,1087,Kalem,Kýrtasiye,2,3,6,Premium
16,2023-02-17,1372,Telefon,Elektronik,600,1,600,Kurumsal
17,2023-04-22,1099,Defter,Kýrtasiye,5,2,10,Kurumsal
18,2023-04-30,1871,Telefon,Elektronik,600,3,1800,Kurumsal
19,2023-09-16,1663,Kahve Makinesi,Mutfak,150,3,450,Premium
20,2023-11-05,1130,Kahve Makinesi,Mutfak,150,1,150,Kurumsal
21,2023-01-14,1661,Kalem,Kýrtasiye,2,1,2,Bireysel
22,2023-10-15,1308,Kalem,Kýrtasiye,2,1,2,Bireysel
23,2023-04-12,1769,Mouse,Elektronik,25,2,50,Bireysel
24,2023-11-29,1343,Blender,Mutfak,120,1,120,Premium
25,2023-12-26,1491,Laptop,Elektronik,800,3,2400,Bireysel
26,2023-10-07,1413,Defter,Kýrtasiye,5,3,15,Kurumsal
27,2023-08-03,1805,Kitap,Kýrtasiye,15,1,15,Premium
28,2023-04-23,1385,Blender,Mutfak,120,1,120,Kurumsal
29,2023-08-18,1191,Telefon,Elektronik,600,4,2400,Premium
30,2023-10-29,1955,Laptop,Elektronik,800,3,2400,Bireysel
31,2023-05-23,1276,Mouse,Elektronik,25,2,50,Kurumsal
32,2023-01-04,1160,Kulaklýk,Elektronik,100,4,400,Kurumsal
33,2023-03-23,1459,Blender,Mutfak,120,1,120,Premium
34,2023-12-24,1313,Blender,Mutfak,120,1,120,Kurumsal
35,2023-08-05,1021,Laptop,Elektronik,800,3,2400,Bireysel
36,2023-06-24,1252,Telefon,Elektronik,600,1,600,Premium
37,2023-05-23,1747,Blender,Mutfak,120,2,240,Kurumsal
38,2023-03-21,1856,Laptop,Elektronik,800,3,2400,Premium
39,2023-04-21,1560,Klavye,Elektronik,50,1,50,Kurumsal
40,2023-06-22,1474,Kalem,Kýrtasiye,2,3,6,Bireysel
41,2023-02-22,1058,Kahve Makinesi,Mutfak,150,1,150,Bireysel
42,2023-02-17,1510,Kalem,Kýrtasiye,2,1,2,Bireysel
43,2023-07-14,1681,Telefon,Elektronik,600,1,600,Bireysel
44,2023-02-19,1475,Klavye,Elektronik,50,2,100,Kurumsal
45,2023-07-03,1699,Blender,Mutfak,120,2,240,Bireysel
46,2023-06-26,1975,Defter,Kýrtasiye,5,3,15,Premium
47,2023-11-06,1782,Kalem,Kýrtasiye,2,1,2,Kurumsal
48,2023-05-16,1189,Mouse,Elektronik,25,1,25,Bireysel
49,2023-01-23,1957,Kalem,Kýrtasiye,2,2,4,Premium
50,2023-08-24,1686,Kitap,Kýrtasiye,15,1,15,Kurumsal
51,2023-10-02,1957,Defter,Kýrtasiye,5,2,10,Premium
52,2023-03-05,1562,Kitap,Kýrtasiye,15,1,15,Kurumsal
53,2023-07-13,1875,Kitap,Kýrtasiye,15,3,45,Premium
54,2023-02-10,1566,Mouse,Elektronik,25,1,25,Bireysel
55,2023-10-10,1243,Klavye,Elektronik,50,1,50,Premium
56,2023-05-31,1831,Kitap,Kýrtasiye,15,4,60,Premium
57,2023-11-18,1504,Defter,Kýrtasiye,5,2,10,Kurumsal
58,2023-11-13,1130,Kalem,Kýrtasiye,2,1,2,Kurumsal
59,2023-07-05,1484,Telefon,Elektronik,600,1,600,Bireysel
60,2023-10-23,1818,Defter,Kýrtasiye,5,4,20,Premium
61,2023-04-09,1646,Kahve Makinesi,Mutfak,150,4,600,Premium
62,2023-12-27,1020,Laptop,Elektronik,800,2,1600,Premium
63,2023-02-05,1840,Kalem,Kýrtasiye,2,4,8,Premium
64,2023-01-24,1166,Mouse,Elektronik,25,3,75,Bireysel
65,2023-12-05,1273,Kitap,Kýrtasiye,15,4,60,Kurumsal
66,2023-04-27,1387,Telefon,Elektronik,600,3,1800,Premium
67,2023-05-29,1600,Kitap,Kýrtasiye,15,2,30,Bireysel
68,2023-02-10,1315,Mouse,Elektronik,25,2,50,Bireysel
69,2023-04-30,1013,Defter,Kýrtasiye,5,2,10,Bireysel
70,2023-02-21,1241,Kahve Makinesi,Mutfak,150,2,300,Bireysel
71,2023-07-14,1776,Laptop,Elektronik,800,2,1600,Bireysel
72,2023-05-23,1345,Kahve Makinesi,Mutfak,150,3,450,Kurumsal
73,2023-08-21,1564,Kalem,Kýrtasiye,2,3,6,Bireysel
74,2023-11-22,1897,Defter,Kýrtasiye,5,2,10,Kurumsal
75,2023-07-06,1339,Laptop,Elektronik,800,4,3200,Premium
76,2023-03-25,1091,Kulaklýk,Elektronik,100,1,100,Premium
77,2023-07-09,1366,Kahve Makinesi,Mutfak,150,2,300,Kurumsal
78,2023-07-01,1955,Kitap,Kýrtasiye,15,4,60,Kurumsal
79,2023-04-18,1454,Blender,Mutfak,120,1,120,Premium
80,2023-12-10,1427,Kalem,Kýrtasiye,2,2,4,Bireysel
81,2023-05-17,1508,Kalem,Kýrtasiye,2,2,4,Premium
82,2023-12-26,1775,Laptop,Elektronik,800,3,2400,Bireysel
83,2023-12-16,1942,Kulaklýk,Elektronik,100,1,100,Bireysel
84,2023-11-28,1034,Telefon,Elektronik,600,1,600,Kurumsal
85,2023-02-06,1205,Kahve Makinesi,Mutfak,150,4,600,Kurumsal
86,2023-11-08,1080,Klavye,Elektronik,50,3,150,Premium
87,2023-11-22,1931,Telefon,Elektronik,600,3,1800,Premium
88,2023-03-29,1561,Kalem,Kýrtasiye,2,3,6,Kurumsal
89,2023-10-01,1871,Kalem,Kýrtasiye,2,3,6,Premium
90,2023-05-06,1387,Mouse,Elektronik,25,1,25,Kurumsal
91,2023-03-25,1001,Laptop,Elektronik,800,1,800,Kurumsal
92,2023-08-25,1389,Blender,Mutfak,120,2,240,Premium
93,2023-07-14,1565,Kulaklýk,Elektronik,100,2,200,Bireysel
94,2023-05-19,1105,Klavye,Elektronik,50,3,150,Bireysel
95,2023-11-24,1771,Telefon,Elektronik,600,3,1800,Kurumsal
96,2023-12-19,1821,Kahve Makinesi,Mutfak,150,3,450,Premium
97,2023-10-13,1476,Laptop,Elektronik,800,2,1600,Bireysel
98,2023-04-23,1702,Kahve Makinesi,Mutfak,150,4,600,Kurumsal
99,2023-12-17,1401,Defter,Kýrtasiye,5,4,20,Kurumsal
100,2023-06-16,1729,Mouse,Elektronik,25,2,50,Premium
101,2023-01-29,1555,Kulaklýk,Elektronik,100,2,200,Premium
102,2023-04-28,1161,Mouse,Elektronik,25,2,50,Kurumsal
103,2023-01-17,1201,Kalem,Kýrtasiye,2,2,4,Bireysel
104,2023-06-11,1957,Mouse,Elektronik,25,2,50,Premium
105,2023-07-25,1995,Klavye,Elektronik,50,2,100,Premium
106,2023-05-18,1269,Kalem,Kýrtasiye,2,3,6,Premium
107,2023-02-03,1862,Telefon,Elektronik,600,3,1800,Bireysel
108,2023-04-19,1815,Kahve Makinesi,Mutfak,150,3,450,Bireysel
109,2023-10-18,1270,Telefon,Elektronik,600,3,1800,Kurumsal
110,2023-06-11,1455,Defter,Kýrtasiye,5,2,10,Premium
111,2023-04-19,1461,Kalem,Kýrtasiye,2,4,8,Bireysel
112,2023-12-02,1726,Kalem,Kýrtasiye,2,1,2,Bireysel
113,2023-09-13,1251,Kulaklýk,Elektronik,100,2,200,Premium
114,2023-07-22,1701,Kalem,Kýrtasiye,2,1,2,Bireysel
115,2023-11-26,1295,Kahve Makinesi,Mutfak,150,4,600,Kurumsal
116,2023-08-23,1724,Klavye,Elektronik,50,3,150,Bireysel
117,2023-03-15,1719,Defter,Kýrtasiye,5,4,20,Bireysel
118,2023-05-16,1748,Kulaklýk,Elektronik,100,2,200,Kurumsal
119,2023-03-13,1337,Blender,Mutfak,120,3,360,Premium
120,2023-05-07,1878,Kahve Makinesi,Mutfak,150,2,300,Bireysel
121,2023-10-15,1052,Klavye,Elektronik,50,3,150,Kurumsal
122,2023-10-03,1791,Mouse,Elektronik,25,1,25,Premium
123,2023-05-15,1921,Telefon,Elektronik,600,1,600,Kurumsal
124,2023-10-27,1216,Defter,Kýrtasiye,5,1,5,Bireysel
125,2023-08-08,1763,Kitap,Kýrtasiye,15,4,60,Kurumsal
126,2023-10-26,1187,Kahve Makinesi,Mutfak,150,2,300,Bireysel
127,2023-07-24,1379,Telefon,Elektronik,600,4,2400,Premium
128,2023-07-05,1492,Laptop,Elektronik,800,1,800,Premium
129,2023-04-23,1040,Telefon,Elektronik,600,2,1200,Kurumsal
130,2023-03-12,1156,Telefon,Elektronik,600,1,600,Bireysel
131,2023-09-18,1014,Blender,Mutfak,120,4,480,Premium
132,2023-09-10,1812,Blender,Mutfak,120,4,480,Kurumsal
133,2023-02-16,1064,Kalem,Kýrtasiye,2,4,8,Premium
134,2023-01-25,1856,Klavye,Elektronik,50,1,50,Premium
135,2023-02-26,1838,Kalem,Kýrtasiye,2,2,4,Bireysel
136,2023-03-20,1520,Kahve Makinesi,Mutfak,150,2,300,Premium
137,2023-11-18,1343,Kalem,Kýrtasiye,2,1,2,Premium
138,2023-03-23,1128,Kitap,Kýrtasiye,15,2,30,Bireysel
139,2023-12-15,1647,Kitap,Kýrtasiye,15,1,15,Premium
140,2023-08-05,1471,Kahve Makinesi,Mutfak,150,2,300,Premium
141,2023-11-02,1062,Kahve Makinesi,Mutfak,150,3,450,Bireysel
142,2023-02-02,1138,Defter,Kýrtasiye,5,3,15,Bireysel
143,2023-07-17,1498,Kalem,Kýrtasiye,2,4,8,Premium
144,2023-07-15,1592,Kitap,Kýrtasiye,15,3,45,Premium
145,2023-11-02,1391,Kulaklýk,Elektronik,100,3,300,Premium
146,2023-08-28,1674,Kulaklýk,Elektronik,100,3,300,Premium
147,2023-09-28,1418,Blender,Mutfak,120,1,120,Kurumsal
148,2023-05-09,1288,Defter,Kýrtasiye,5,3,15,Premium
149,2023-10-11,1378,Kulaklýk,Elektronik,100,3,300,Bireysel
150,2023-01-06,1772,Defter,Kýrtasiye,5,4,20,Bireysel
151,2023-12-15,1489,Laptop,Elektronik,800,3,2400,Bireysel
152,2023-02-28,1230,Kitap,Kýrtasiye,15,3,45,Bireysel
153,2023-12-16,1040,Kalem,Kýrtasiye,2,2,4,Premium
154,2023-10-02,1027,Defter,Kýrtasiye,5,4,20,Premium
155,2023-05-17,1134,Defter,Kýrtasiye,5,4,20,Kurumsal
156,2023-11-25,1200,Klavye,Elektronik,50,4,200,Premium
157,2023-06-24,1839,Kalem,Kýrtasiye,2,4,8,Bireysel
158,2023-02-27,1779,Laptop,Elektronik,800,4,3200,Premium
159,2023-05-31,1929,Klavye,Elektronik,50,4,200,Kurumsal
160,2023-08-11,1032,Kahve Makinesi,Mutfak,150,1,150,Premium
161,2023-03-22,1047,Blender,Mutfak,120,3,360,Premium
162,2023-08-21,1502,Kitap,Kýrtasiye,15,4,60,Bireysel
163,2023-01-02,1406,Mouse,Elektronik,25,3,75,Kurumsal
164,2023-05-15,1573,Kalem,Kýrtasiye,2,3,6,Premium
165,2023-09-14,1727,Mouse,Elektronik,25,1,25,Premium
166,2023-04-02,1804,Kahve Makinesi,Mutfak,150,4,600,Kurumsal
167,2023-09-17,1098,Kalem,Kýrtasiye,2,2,4,Premium
168,2023-02-24,1683,Laptop,Elektronik,800,1,800,Kurumsal
169,2023-11-17,1871,Klavye,Elektronik,50,2,100,Kurumsal
170,2023-06-02,1725,Defter,Kýrtasiye,5,3,15,Bireysel
171,2023-11-24,1986,Klavye,Elektronik,50,3,150,Premium
172,2023-09-17,1546,Mouse,Elektronik,25,1,25,Kurumsal
173,2023-11-08,1960,Kalem,Kýrtasiye,2,1,2,Kurumsal
174,2023-04-12,1738,Telefon,Elektronik,600,2,1200,Kurumsal
175,2023-03-20,1612,Kitap,Kýrtasiye,15,4,60,Bireysel
176,2023-07-11,1942,Blender,Mutfak,120,2,240,Premium
177,2023-03-24,1461,Defter,Kýrtasiye,5,1,5,Bireysel
178,2023-10-04,1642,Mouse,Elektronik,25,2,50,Bireysel
179,2023-09-29,1768,Kitap,Kýrtasiye,15,1,15,Kurumsal
180,2023-01-01,1004,Kahve Makinesi,Mutfak,150,2,300,Kurumsal
181,2023-11-03,1217,Defter,Kýrtasiye,5,1,5,Kurumsal
182,2023-06-15,1502,Kitap,Kýrtasiye,15,1,15,Kurumsal
183,2023-09-08,1766,Kalem,Kýrtasiye,2,1,2,Bireysel
184,2023-01-10,1397,Kahve Makinesi,Mutfak,150,4,600,Kurumsal
185,2023-02-27,1870,Laptop,Elektronik,800,2,1600,Premium
186,2023-07-05,1794,Blender,Mutfak,120,2,240,Bireysel
187,2023-06-07,1392,Mouse,Elektronik,25,2,50,Kurumsal
188,2023-05-03,1206,Kulaklýk,Elektronik,100,1,100,Premium
189,2023-01-30,1014,Telefon,Elektronik,600,2,1200,Kurumsal
190,2023-05-04,1857,Kulaklýk,Elektronik,100,2,200,Premium
191,2023-10-18,1553,Mouse,Elektronik,25,1,25,Kurumsal
192,2023-02-10,1891,Defter,Kýrtasiye,5,3,15,Kurumsal
193,2023-02-13,1460,Mouse,Elektronik,25,1,25,Bireysel
194,2023-09-06,1690,Mouse,Elektronik,25,2,50,Kurumsal
195,2023-02-05,1574,Kalem,Kýrtasiye,2,1,2,Premium
196,2023-09-30,1863,Klavye,Elektronik,50,3,150,Premium
197,2023-03-06,1742,Telefon,Elektronik,600,1,600,Bireysel
198,2023-03-07,1240,Laptop,Elektronik,800,2,1600,Kurumsal
199,2023-12-04,1563,Laptop,Elektronik,800,3,2400,Bireysel
200,2023-09-01,1095,Kitap,Kýrtasiye,15,4,60,Kurumsal
201,2023-10-09,1899,Laptop,Elektronik,800,2,1600,Bireysel
202,2023-03-26,1733,Telefon,Elektronik,600,3,1800,Kurumsal
203,2023-05-16,1484,Kitap,Kýrtasiye,15,3,45,Kurumsal
204,2023-09-28,1406,Kitap,Kýrtasiye,15,4,60,Bireysel
205,2023-11-07,1230,Defter,Kýrtasiye,5,1,5,Bireysel
206,2023-08-05,1748,Klavye,Elektronik,50,1,50,Bireysel
207,2023-04-19,1654,Kulaklýk,Elektronik,100,2,200,Bireysel
208,2023-10-04,1170,Kahve Makinesi,Mutfak,150,4,600,Kurumsal
209,2023-12-20,1540,Defter,Kýrtasiye,5,1,5,Kurumsal
210,2023-04-13,1035,Blender,Mutfak,120,4,480,Premium
211,2023-06-09,1524,Klavye,Elektronik,50,1,50,Kurumsal
212,2023-07-24,1159,Klavye,Elektronik,50,3,150,Bireysel
213,2023-12-10,1838,Klavye,Elektronik,50,1,50,Bireysel
214,2023-11-29,1698,Mouse,Elektronik,25,4,100,Kurumsal
215,2023-07-11,1242,Blender,Mutfak,120,3,360,Premium
216,2023-08-13,1085,Defter,Kýrtasiye,5,3,15,Premium
217,2023-09-22,1795,Blender,Mutfak,120,3,360,Kurumsal
218,2023-08-20,1577,Kulaklýk,Elektronik,100,4,400,Bireysel
219,2023-03-03,1681,Kalem,Kýrtasiye,2,2,4,Bireysel
220,2023-05-07,1556,Blender,Mutfak,120,2,240,Kurumsal
221,2023-04-26,1573,Klavye,Elektronik,50,2,100,Premium
222,2023-02-02,1952,Kulaklýk,Elektronik,100,4,400,Kurumsal
223,2023-06-23,1645,Kalem,Kýrtasiye,2,3,6,Kurumsal
224,2023-01-11,1795,Telefon,Elektronik,600,2,1200,Kurumsal
225,2023-10-29,1027,Kalem,Kýrtasiye,2,4,8,Kurumsal
226,2023-10-11,1619,Telefon,Elektronik,600,2,1200,Bireysel
227,2023-04-28,1555,Laptop,Elektronik,800,1,800,Bireysel
228,2023-10-29,1339,Kalem,Kýrtasiye,2,2,4,Kurumsal
229,2023-04-23,1797,Telefon,Elektronik,600,2,1200,Premium
230,2023-01-04,1957,Kahve Makinesi,Mutfak,150,3,450,Kurumsal
231,2023-02-06,1330,Klavye,Elektronik,50,4,200,Bireysel
232,2023-12-29,1639,Mouse,Elektronik,25,3,75,Bireysel
233,2023-11-20,1505,Kalem,Kýrtasiye,2,3,6,Premium
234,2023-01-31,1347,Kitap,Kýrtasiye,15,3,45,Kurumsal
235,2023-04-28,1472,Blender,Mutfak,120,3,360,Bireysel
236,2023-02-04,1230,Telefon,Elektronik,600,3,1800,Bireysel
237,2023-01-17,1189,Defter,Kýrtasiye,5,2,10,Kurumsal
238,2023-06-19,1224,Telefon,Elektronik,600,3,1800,Kurumsal
239,2023-02-06,1384,Kalem,Kýrtasiye,2,3,6,Premium
240,2023-09-21,1376,Telefon,Elektronik,600,4,2400,Premium
241,2023-05-02,1282,Kulaklýk,Elektronik,100,1,100,Premium
242,2023-05-23,1957,Defter,Kýrtasiye,5,2,10,Kurumsal
243,2023-12-09,1632,Kalem,Kýrtasiye,2,2,4,Kurumsal
244,2023-09-06,1627,Mouse,Elektronik,25,2,50,Premium
245,2023-04-20,1972,Kulaklýk,Elektronik,100,3,300,Bireysel
246,2023-10-04,1744,Defter,Kýrtasiye,5,3,15,Bireysel
247,2023-03-09,1258,Blender,Mutfak,120,3,360,Kurumsal
248,2023-10-20,1358,Kitap,Kýrtasiye,15,4,60,Bireysel
249,2023-10-23,1709,Blender,Mutfak,120,1,120,Kurumsal
250,2023-08-31,1455,Telefon,Elektronik,600,3,1800,Premium
251,2023-05-05,1410,Telefon,Elektronik,600,1,600,Kurumsal
252,2023-08-31,1648,Laptop,Elektronik,800,4,3200,Kurumsal
253,2023-07-28,1317,Defter,Kýrtasiye,5,2,10,Kurumsal
254,2023-04-08,1676,Telefon,Elektronik,600,3,1800,Bireysel
255,2023-02-18,1224,Laptop,Elektronik,800,1,800,Kurumsal
256,2023-02-19,1818,Blender,Mutfak,120,1,120,Bireysel
257,2023-12-04,1233,Laptop,Elektronik,800,3,2400,Premium
258,2023-08-09,1683,Blender,Mutfak,120,2,240,Premium
259,2023-07-01,1663,Kalem,Kýrtasiye,2,2,4,Bireysel
260,2023-08-05,1974,Telefon,Elektronik,600,2,1200,Kurumsal
261,2023-07-30,1826,Kulaklýk,Elektronik,100,4,400,Premium
262,2023-08-28,1373,Blender,Mutfak,120,1,120,Kurumsal
263,2023-01-28,1671,Kitap,Kýrtasiye,15,1,15,Bireysel
264,2023-12-11,1607,Kulaklýk,Elektronik,100,1,100,Kurumsal
265,2023-12-01,1471,Kulaklýk,Elektronik,100,4,400,Premium
266,2023-11-27,1232,Blender,Mutfak,120,1,120,Kurumsal
267,2023-02-20,1691,Telefon,Elektronik,600,4,2400,Premium
268,2023-02-01,1112,Klavye,Elektronik,50,2,100,Kurumsal
269,2023-07-26,1829,Mouse,Elektronik,25,3,75,Premium
270,2023-06-23,1496,Laptop,Elektronik,800,1,800,Premium
271,2023-02-25,1441,Telefon,Elektronik,600,1,600,Premium
272,2023-05-08,1563,Kalem,Kýrtasiye,2,2,4,Bireysel
273,2023-04-09,1267,Laptop,Elektronik,800,3,2400,Bireysel
274,2023-04-08,1509,Blender,Mutfak,120,4,480,Bireysel
275,2023-10-02,1806,Kitap,Kýrtasiye,15,3,45,Kurumsal
276,2023-08-18,1385,Klavye,Elektronik,50,2,100,Kurumsal
277,2023-03-13,1386,Mouse,Elektronik,25,2,50,Kurumsal
278,2023-08-05,1112,Telefon,Elektronik,600,3,1800,Premium
279,2023-04-04,1612,Kitap,Kýrtasiye,15,4,60,Kurumsal
280,2023-05-23,1624,Defter,Kýrtasiye,5,4,20,Bireysel
281,2023-08-25,1951,Klavye,Elektronik,50,1,50,Bireysel
282,2023-05-08,1080,Kulaklýk,Elektronik,100,4,400,Premium
283,2023-02-08,1698,Klavye,Elektronik,50,3,150,Premium
284,2023-08-15,1112,Kahve Makinesi,Mutfak,150,2,300,Kurumsal
285,2023-10-09,1001,Kitap,Kýrtasiye,15,1,15,Premium
286,2023-02-20,1641,Kahve Makinesi,Mutfak,150,1,150,Bireysel
287,2023-01-26,1219,Kahve Makinesi,Mutfak,150,2,300,Bireysel
288,2023-11-30,1565,Telefon,Elektronik,600,4,2400,Bireysel
289,2023-10-04,1854,Klavye,Elektronik,50,2,100,Bireysel
290,2023-01-08,1996,Telefon,Elektronik,600,4,2400,Premium
291,2023-02-17,1735,Kalem,Kýrtasiye,2,2,4,Kurumsal
292,2023-05-02,1224,Telefon,Elektronik,600,3,1800,Kurumsal
293,2023-03-27,1384,Kitap,Kýrtasiye,15,4,60,Premium
294,2023-07-28,1402,Mouse,Elektronik,25,3,75,Kurumsal
295,2023-09-06,1637,Kalem,Kýrtasiye,2,1,2,Bireysel
296,2023-09-04,1129,Mouse,Elektronik,25,2,50,Premium
297,2023-04-20,1052,Klavye,Elektronik,50,1,50,Premium
298,2023-07-25,1683,Kulaklýk,Elektronik,100,1,100,Bireysel
299,2023-01-31,1729,Defter,Kýrtasiye,5,1,5,Kurumsal
300,2023-03-26,1671,Kahve Makinesi,Mutfak,150,1,150,Premium
301,2023-07-14,1709,Kitap,Kýrtasiye,15,2,30,Kurumsal
302,2023-01-02,1415,Mouse,Elektronik,25,1,25,Bireysel
303,2023-07-19,1246,Defter,Kýrtasiye,5,2,10,Kurumsal
304,2023-05-16,1835,Laptop,Elektronik,800,2,1600,Premium
305,2023-08-21,1438,Telefon,Elektronik,600,3,1800,Premium
306,2023-05-27,1202,Kahve Makinesi,Mutfak,150,4,600,Kurumsal
307,2023-08-05,1183,Mouse,Elektronik,25,4,100,Premium
308,2023-12-23,1122,Kalem,Kýrtasiye,2,2,4,Kurumsal
309,2023-10-12,1400,Kitap,Kýrtasiye,15,3,45,Premium
310,2023-12-05,1766,Telefon,Elektronik,600,2,1200,Premium
311,2023-09-07,1293,Blender,Mutfak,120,2,240,Premium
312,2023-03-21,1279,Defter,Kýrtasiye,5,2,10,Kurumsal
313,2023-04-08,1836,Kitap,Kýrtasiye,15,3,45,Premium
314,2023-06-01,1883,Mouse,Elektronik,25,4,100,Premium
315,2023-04-22,1609,Kulaklýk,Elektronik,100,3,300,Kurumsal
316,2023-01-30,1197,Kalem,Kýrtasiye,2,1,2,Kurumsal
317,2023-10-24,1981,Laptop,Elektronik,800,3,2400,Bireysel
318,2023-10-05,1906,Blender,Mutfak,120,3,360,Kurumsal
319,2023-02-01,1510,Kahve Makinesi,Mutfak,150,3,450,Kurumsal
320,2023-06-10,1751,Kitap,Kýrtasiye,15,3,45,Premium
321,2023-01-30,1143,Blender,Mutfak,120,4,480,Bireysel
322,2023-01-26,1608,Kulaklýk,Elektronik,100,1,100,Kurumsal
323,2023-10-27,1200,Mouse,Elektronik,25,4,100,Premium
324,2023-09-02,1123,Kalem,Kýrtasiye,2,4,8,Kurumsal
325,2023-09-15,1186,Telefon,Elektronik,600,3,1800,Premium
326,2023-09-29,1325,Defter,Kýrtasiye,5,2,10,Premium
327,2023-03-22,1463,Mouse,Elektronik,25,2,50,Premium
328,2023-01-30,1348,Klavye,Elektronik,50,4,200,Bireysel
329,2023-09-18,1770,Laptop,Elektronik,800,4,3200,Premium
330,2023-02-11,1659,Laptop,Elektronik,800,3,2400,Kurumsal
331,2023-04-06,1763,Telefon,Elektronik,600,4,2400,Kurumsal
332,2023-02-05,1954,Kalem,Kýrtasiye,2,3,6,Premium
333,2023-11-01,1931,Mouse,Elektronik,25,2,50,Premium
334,2023-02-04,1402,Mouse,Elektronik,25,2,50,Premium
335,2023-12-12,1345,Kulaklýk,Elektronik,100,1,100,Bireysel
336,2023-05-01,1962,Kahve Makinesi,Mutfak,150,2,300,Premium
337,2023-07-26,1510,Klavye,Elektronik,50,4,200,Bireysel
338,2023-03-03,1146,Defter,Kýrtasiye,5,2,10,Premium
339,2023-10-19,1147,Kalem,Kýrtasiye,2,3,6,Kurumsal
340,2023-05-07,1863,Kitap,Kýrtasiye,15,2,30,Bireysel
341,2023-10-24,1710,Kahve Makinesi,Mutfak,150,1,150,Premium
342,2023-11-01,1819,Defter,Kýrtasiye,5,2,10,Premium
343,2023-01-21,1488,Blender,Mutfak,120,3,360,Premium
344,2023-11-14,1928,Klavye,Elektronik,50,3,150,Premium
345,2023-02-11,1935,Defter,Kýrtasiye,5,4,20,Kurumsal
346,2023-08-03,1639,Mouse,Elektronik,25,2,50,Bireysel
347,2023-12-03,1550,Kalem,Kýrtasiye,2,3,6,Premium
348,2023-10-26,1337,Blender,Mutfak,120,1,120,Bireysel
349,2023-10-17,1871,Defter,Kýrtasiye,5,4,20,Bireysel
350,2023-09-25,1640,Telefon,Elektronik,600,1,600,Premium
351,2023-06-11,1778,Laptop,Elektronik,800,2,1600,Premium
352,2023-05-14,1987,Kitap,Kýrtasiye,15,2,30,Bireysel
353,2023-04-15,1952,Kulaklýk,Elektronik,100,2,200,Bireysel
354,2023-12-09,1472,Kalem,Kýrtasiye,2,4,8,Bireysel
355,2023-06-10,1945,Kalem,Kýrtasiye,2,3,6,Kurumsal
356,2023-05-03,1150,Kulaklýk,Elektronik,100,4,400,Kurumsal
357,2023-05-16,1414,Kitap,Kýrtasiye,15,1,15,Kurumsal
358,2023-07-22,1989,Mouse,Elektronik,25,4,100,Bireysel
359,2023-03-09,1297,Kitap,Kýrtasiye,15,1,15,Kurumsal
360,2023-12-10,1610,Kahve Makinesi,Mutfak,150,4,600,Premium
361,2023-11-27,1262,Kitap,Kýrtasiye,15,3,45,Bireysel
362,2023-06-03,1763,Laptop,Elektronik,800,1,800,Kurumsal
363,2023-08-23,1143,Defter,Kýrtasiye,5,2,10,Premium
364,2023-06-11,1345,Telefon,Elektronik,600,2,1200,Premium
365,2023-02-07,1623,Kulaklýk,Elektronik,100,4,400,Kurumsal
366,2023-01-05,1571,Mouse,Elektronik,25,2,50,Premium
367,2023-08-23,1880,Kalem,Kýrtasiye,2,1,2,Premium
368,2023-11-15,1001,Mouse,Elektronik,25,2,50,Bireysel
369,2023-10-16,1896,Kulaklýk,Elektronik,100,3,300,Premium
370,2023-02-21,1303,Blender,Mutfak,120,3,360,Bireysel
371,2023-02-07,1253,Laptop,Elektronik,800,4,3200,Premium
372,2023-10-03,1651,Laptop,Elektronik,800,1,800,Bireysel
373,2023-04-20,1452,Kitap,Kýrtasiye,15,3,45,Premium
374,2023-09-17,1036,Kulaklýk,Elektronik,100,3,300,Kurumsal
375,2023-05-16,1159,Klavye,Elektronik,50,1,50,Premium
376,2023-03-09,1008,Blender,Mutfak,120,2,240,Kurumsal
377,2023-06-28,1232,Kulaklýk,Elektronik,100,2,200,Premium
378,2023-02-05,1098,Mouse,Elektronik,25,4,100,Kurumsal
379,2023-05-06,1658,Kahve Makinesi,Mutfak,150,2,300,Kurumsal
380,2023-07-09,1815,Kulaklýk,Elektronik,100,1,100,Bireysel
381,2023-05-26,1207,Blender,Mutfak,120,3,360,Kurumsal
382,2023-03-22,1130,Kulaklýk,Elektronik,100,2,200,Premium
383,2023-08-13,1403,Kulaklýk,Elektronik,100,4,400,Kurumsal
384,2023-10-06,1151,Kitap,Kýrtasiye,15,2,30,Premium
385,2023-12-27,1053,Klavye,Elektronik,50,1,50,Kurumsal
386,2023-06-04,1119,Blender,Mutfak,120,4,480,Premium
387,2023-11-10,1672,Laptop,Elektronik,800,2,1600,Premium
388,2023-12-01,1919,Telefon,Elektronik,600,4,2400,Premium
389,2023-09-28,1627,Klavye,Elektronik,50,1,50,Premium
390,2023-01-05,1586,Klavye,Elektronik,50,3,150,Premium
391,2023-12-08,1624,Kahve Makinesi,Mutfak,150,1,150,Kurumsal
392,2023-10-11,1967,Telefon,Elektronik,600,1,600,Premium
393,2023-06-03,1419,Klavye,Elektronik,50,1,50,Kurumsal
394,2023-12-06,1421,Mouse,Elektronik,25,1,25,Bireysel
395,2023-02-23,1103,Laptop,Elektronik,800,3,2400,Bireysel
396,2023-03-10,1851,Klavye,Elektronik,50,3,150,Kurumsal
397,2023-05-16,1253,Laptop,Elektronik,800,4,3200,Premium
398,2023-03-01,1226,Kitap,Kýrtasiye,15,2,30,Kurumsal
399,2023-02-24,1111,Kulaklýk,Elektronik,100,3,300,Bireysel
400,2023-10-11,1509,Blender,Mutfak,120,3,360,Kurumsal
401,2023-03-21,1472,Kitap,Kýrtasiye,15,2,30,Kurumsal
402,2023-05-20,1098,Laptop,Elektronik,800,3,2400,Premium
403,2023-05-25,1152,Klavye,Elektronik,50,1,50,Bireysel
404,2023-11-06,1860,Telefon,Elektronik,600,1,600,Premium
405,2023-04-18,1913,Laptop,Elektronik,800,2,1600,Premium
406,2023-06-25,1895,Klavye,Elektronik,50,4,200,Kurumsal
407,2023-04-15,1877,Defter,Kýrtasiye,5,4,20,Kurumsal
408,2023-12-18,1337,Kahve Makinesi,Mutfak,150,2,300,Kurumsal
409,2023-11-21,1705,Mouse,Elektronik,25,2,50,Kurumsal
410,2023-05-16,1821,Mouse,Elektronik,25,1,25,Premium
411,2023-09-16,1162,Kalem,Kýrtasiye,2,4,8,Premium
412,2023-09-08,1719,Kalem,Kýrtasiye,2,3,6,Kurumsal
413,2023-05-09,1956,Kitap,Kýrtasiye,15,1,15,Kurumsal
414,2023-01-27,1680,Kahve Makinesi,Mutfak,150,2,300,Bireysel
415,2023-02-17,1995,Blender,Mutfak,120,4,480,Premium
416,2023-11-21,1160,Mouse,Elektronik,25,3,75,Premium
417,2023-08-05,1579,Kalem,Kýrtasiye,2,3,6,Premium
418,2023-05-22,1800,Kahve Makinesi,Mutfak,150,1,150,Kurumsal
419,2023-01-23,1397,Kulaklýk,Elektronik,100,4,400,Kurumsal
420,2023-01-02,1276,Blender,Mutfak,120,4,480,Kurumsal
421,2023-06-20,1815,Laptop,Elektronik,800,2,1600,Bireysel
422,2023-03-08,1915,Kahve Makinesi,Mutfak,150,4,600,Kurumsal
423,2023-11-23,1503,Telefon,Elektronik,600,4,2400,Bireysel
424,2023-05-15,1895,Kalem,Kýrtasiye,2,1,2,Kurumsal
425,2023-03-24,1391,Laptop,Elektronik,800,4,3200,Premium
426,2023-08-15,1134,Laptop,Elektronik,800,3,2400,Bireysel
427,2023-10-10,1194,Kalem,Kýrtasiye,2,1,2,Kurumsal
428,2023-12-28,1400,Defter,Kýrtasiye,5,1,5,Kurumsal
429,2023-08-07,1639,Defter,Kýrtasiye,5,2,10,Premium
430,2023-10-15,1032,Mouse,Elektronik,25,4,100,Kurumsal
431,2023-01-05,1687,Kalem,Kýrtasiye,2,2,4,Premium
432,2023-02-27,1459,Kalem,Kýrtasiye,2,3,6,Kurumsal
433,2023-02-08,1954,Mouse,Elektronik,25,1,25,Bireysel
434,2023-12-20,1882,Mouse,Elektronik,25,1,25,Bireysel
435,2023-03-18,1469,Kitap,Kýrtasiye,15,1,15,Premium
436,2023-10-07,1374,Blender,Mutfak,120,3,360,Kurumsal
437,2023-01-19,1021,Klavye,Elektronik,50,3,150,Premium
438,2023-07-09,1749,Mouse,Elektronik,25,2,50,Premium
439,2023-10-26,1669,Klavye,Elektronik,50,2,100,Kurumsal
440,2023-10-10,1037,Telefon,Elektronik,600,2,1200,Bireysel
441,2023-03-17,1229,Blender,Mutfak,120,4,480,Bireysel
442,2023-08-09,1364,Blender,Mutfak,120,1,120,Premium
443,2023-03-07,1562,Kahve Makinesi,Mutfak,150,1,150,Premium
444,2023-01-22,1437,Kitap,Kýrtasiye,15,2,30,Premium
445,2023-06-07,1775,Defter,Kýrtasiye,5,1,5,Bireysel
446,2023-07-06,1282,Blender,Mutfak,120,2,240,Bireysel
447,2023-01-21,1026,Kahve Makinesi,Mutfak,150,4,600,Bireysel
448,2023-07-03,1225,Telefon,Elektronik,600,4,2400,Premium
449,2023-04-18,1276,Kalem,Kýrtasiye,2,3,6,Premium
450,2023-12-16,1797,Kahve Makinesi,Mutfak,150,4,600,Bireysel
451,2023-05-08,1608,Blender,Mutfak,120,2,240,Premium
452,2023-12-08,1283,Defter,Kýrtasiye,5,4,20,Bireysel
453,2023-02-22,1878,Mouse,Elektronik,25,3,75,Bireysel
454,2023-07-01,1959,Mouse,Elektronik,25,1,25,Bireysel
455,2023-10-14,1480,Kahve Makinesi,Mutfak,150,2,300,Kurumsal
456,2023-07-28,1452,Kulaklýk,Elektronik,100,1,100,Kurumsal
457,2023-11-14,1828,Defter,Kýrtasiye,5,3,15,Premium
458,2023-03-21,1815,Kalem,Kýrtasiye,2,3,6,Kurumsal
459,2023-05-02,1658,Kulaklýk,Elektronik,100,3,300,Bireysel
460,2023-03-25,1515,Defter,Kýrtasiye,5,1,5,Premium
461,2023-04-01,1546,Kitap,Kýrtasiye,15,1,15,Bireysel
462,2023-07-31,1191,Kalem,Kýrtasiye,2,1,2,Bireysel
463,2023-01-13,1048,Defter,Kýrtasiye,5,1,5,Premium
464,2023-04-02,1511,Defter,Kýrtasiye,5,3,15,Bireysel
465,2023-06-20,1016,Mouse,Elektronik,25,3,75,Kurumsal
466,2023-07-30,1171,Kitap,Kýrtasiye,15,2,30,Premium
467,2023-12-09,1219,Defter,Kýrtasiye,5,2,10,Kurumsal
468,2023-05-08,1157,Kitap,Kýrtasiye,15,1,15,Kurumsal
469,2023-05-17,1476,Telefon,Elektronik,600,4,2400,Premium
470,2023-03-23,1045,Kitap,Kýrtasiye,15,4,60,Bireysel
471,2023-12-26,1372,Klavye,Elektronik,50,3,150,Kurumsal
472,2023-02-25,1517,Kalem,Kýrtasiye,2,3,6,Kurumsal
473,2023-07-15,1098,Mouse,Elektronik,25,3,75,Kurumsal
474,2023-01-20,1891,Mouse,Elektronik,25,2,50,Premium
475,2023-08-29,1744,Mouse,Elektronik,25,2,50,Bireysel
476,2023-04-24,1036,Mouse,Elektronik,25,3,75,Bireysel
477,2023-04-13,1279,Defter,Kýrtasiye,5,3,15,Premium
478,2023-08-24,1348,Mouse,Elektronik,25,3,75,Premium
479,2023-06-29,1496,Kitap,Kýrtasiye,15,4,60,Bireysel
480,2023-06-06,1301,Klavye,Elektronik,50,2,100,Premium
481,2023-04-27,1180,Kahve Makinesi,Mutfak,150,4,600,Premium
482,2023-04-25,1606,Laptop,Elektronik,800,4,3200,Premium
483,2023-01-13,1098,Blender,Mutfak,120,3,360,Bireysel
484,2023-12-04,1699,Kahve Makinesi,Mutfak,150,3,450,Bireysel
485,2023-04-09,1992,Kahve Makinesi,Mutfak,150,1,150,Kurumsal
486,2023-07-24,1115,Kitap,Kýrtasiye,15,1,15,Bireysel
487,2023-06-18,1190,Mouse,Elektronik,25,4,100,Bireysel
488,2023-05-23,1252,Defter,Kýrtasiye,5,2,10,Kurumsal
489,2023-02-05,1980,Kitap,Kýrtasiye,15,3,45,Kurumsal
490,2023-05-23,1927,Defter,Kýrtasiye,5,3,15,Bireysel
491,2023-06-29,1982,Laptop,Elektronik,800,4,3200,Premium
492,2023-11-25,1160,Telefon,Elektronik,600,1,600,Kurumsal
493,2023-09-18,1255,Blender,Mutfak,120,2,240,Bireysel
494,2023-07-24,1322,Telefon,Elektronik,600,1,600,Bireysel
495,2023-12-14,1127,Kitap,Kýrtasiye,15,1,15,Kurumsal
496,2023-10-02,1017,Mouse,Elektronik,25,1,25,Premium
497,2023-06-19,1792,Blender,Mutfak,120,1,120,Premium
498,2023-01-15,1734,Kahve Makinesi,Mutfak,150,3,450,Bireysel
499,2023-03-01,1565,Kulaklýk,Elektronik,100,3,300,Kurumsal
500,2023-05-14,1569,Klavye,Elektronik,50,1,50,Kurumsal
501,2023-04-02,1322,Kalem,Kýrtasiye,2,2,4,Kurumsal
502,2023-10-25,1871,Kulaklýk,Elektronik,100,4,400,Premium
503,2023-05-16,1685,Mouse,Elektronik,25,2,50,Premium
504,2023-01-20,1791,Kitap,Kýrtasiye,15,2,30,Premium
505,2023-02-25,1625,Kahve Makinesi,Mutfak,150,2,300,Kurumsal
506,2023-11-02,1287,Kitap,Kýrtasiye,15,1,15,Bireysel
507,2023-08-11,1942,Mouse,Elektronik,25,3,75,Premium
508,2023-06-26,1853,Telefon,Elektronik,600,2,1200,Kurumsal
509,2023-06-10,1662,Blender,Mutfak,120,1,120,Kurumsal
510,2023-08-12,1961,Kulaklýk,Elektronik,100,2,200,Bireysel
511,2023-11-07,1638,Defter,Kýrtasiye,5,2,10,Bireysel
512,2023-09-19,1154,Kahve Makinesi,Mutfak,150,1,150,Kurumsal
513,2023-03-01,1489,Blender,Mutfak,120,3,360,Bireysel
514,2023-07-17,1385,Blender,Mutfak,120,3,360,Premium
515,2023-10-23,1985,Kahve Makinesi,Mutfak,150,4,600,Kurumsal
516,2023-04-08,1784,Laptop,Elektronik,800,1,800,Premium
517,2023-05-11,1103,Blender,Mutfak,120,4,480,Kurumsal
518,2023-01-23,1928,Telefon,Elektronik,600,4,2400,Premium
519,2023-12-29,1392,Laptop,Elektronik,800,4,3200,Bireysel
520,2023-08-12,1810,Klavye,Elektronik,50,3,150,Bireysel
521,2023-01-01,1245,Telefon,Elektronik,600,1,600,Premium
522,2023-09-24,1175,Telefon,Elektronik,600,4,2400,Kurumsal
523,2023-10-03,1038,Kitap,Kýrtasiye,15,1,15,Kurumsal
524,2023-12-18,1476,Kitap,Kýrtasiye,15,1,15,Premium
525,2023-12-10,1681,Laptop,Elektronik,800,3,2400,Premium
526,2023-04-11,1758,Klavye,Elektronik,50,4,200,Bireysel
527,2023-07-06,1537,Klavye,Elektronik,50,4,200,Bireysel
528,2023-08-09,1866,Blender,Mutfak,120,1,120,Premium
529,2023-02-05,1817,Defter,Kýrtasiye,5,2,10,Premium
530,2023-12-07,1920,Mouse,Elektronik,25,3,75,Kurumsal
531,2023-06-19,1407,Klavye,Elektronik,50,3,150,Kurumsal
532,2023-11-16,1524,Laptop,Elektronik,800,3,2400,Premium
533,2023-06-10,1827,Mouse,Elektronik,25,3,75,Kurumsal
534,2023-12-06,1505,Kahve Makinesi,Mutfak,150,4,600,Bireysel
535,2023-03-05,1902,Kulaklýk,Elektronik,100,4,400,Kurumsal
536,2023-06-03,1824,Defter,Kýrtasiye,5,2,10,Premium
537,2023-09-17,1035,Defter,Kýrtasiye,5,3,15,Bireysel
538,2023-06-08,1684,Kalem,Kýrtasiye,2,3,6,Bireysel
539,2023-12-08,1019,Kitap,Kýrtasiye,15,1,15,Bireysel
540,2023-07-29,1320,Klavye,Elektronik,50,4,200,Kurumsal
541,2023-06-17,1775,Kitap,Kýrtasiye,15,3,45,Kurumsal
542,2023-07-26,1511,Telefon,Elektronik,600,2,1200,Bireysel
543,2023-12-23,1399,Kitap,Kýrtasiye,15,2,30,Bireysel
544,2023-06-01,1653,Blender,Mutfak,120,4,480,Kurumsal
545,2023-10-11,1971,Blender,Mutfak,120,2,240,Kurumsal
546,2023-03-07,1882,Mouse,Elektronik,25,2,50,Bireysel
547,2023-04-09,1470,Laptop,Elektronik,800,4,3200,Kurumsal
548,2023-08-04,1142,Klavye,Elektronik,50,3,150,Kurumsal
549,2023-12-07,1091,Klavye,Elektronik,50,3,150,Kurumsal
550,2023-07-14,1353,Blender,Mutfak,120,2,240,Kurumsal
551,2023-12-13,1833,Laptop,Elektronik,800,2,1600,Premium
552,2023-03-31,1799,Mouse,Elektronik,25,3,75,Premium
553,2023-11-12,1726,Telefon,Elektronik,600,4,2400,Premium
554,2023-10-19,1958,Kalem,Kýrtasiye,2,2,4,Bireysel
555,2023-06-04,1853,Defter,Kýrtasiye,5,1,5,Kurumsal
556,2023-07-27,1050,Kalem,Kýrtasiye,2,4,8,Premium
557,2023-10-08,1664,Blender,Mutfak,120,2,240,Kurumsal
558,2023-01-01,1697,Kalem,Kýrtasiye,2,2,4,Premium
559,2023-06-05,1574,Defter,Kýrtasiye,5,1,5,Bireysel
560,2023-05-27,1189,Telefon,Elektronik,600,1,600,Bireysel
561,2023-04-18,1124,Kulaklýk,Elektronik,100,3,300,Premium
562,2023-08-09,1149,Kahve Makinesi,Mutfak,150,4,600,Bireysel
563,2023-10-24,1313,Mouse,Elektronik,25,4,100,Kurumsal
564,2023-11-07,1569,Kitap,Kýrtasiye,15,3,45,Kurumsal
565,2023-12-02,1341,Defter,Kýrtasiye,5,4,20,Bireysel
566,2023-06-14,1304,Mouse,Elektronik,25,4,100,Kurumsal
567,2023-08-27,1691,Telefon,Elektronik,600,4,2400,Premium
568,2023-08-15,1681,Blender,Mutfak,120,4,480,Premium
569,2023-08-15,1837,Kalem,Kýrtasiye,2,4,8,Premium
570,2023-12-12,1782,Kahve Makinesi,Mutfak,150,1,150,Kurumsal
571,2023-04-20,1053,Telefon,Elektronik,600,4,2400,Premium
572,2023-09-19,1443,Laptop,Elektronik,800,1,800,Bireysel
573,2023-08-31,1612,Kulaklýk,Elektronik,100,4,400,Premium
574,2023-03-28,1992,Defter,Kýrtasiye,5,3,15,Kurumsal
575,2023-12-04,1263,Blender,Mutfak,120,2,240,Kurumsal
576,2023-02-13,1052,Laptop,Elektronik,800,1,800,Premium
577,2023-05-26,1571,Laptop,Elektronik,800,4,3200,Bireysel
578,2023-09-21,1619,Kulaklýk,Elektronik,100,3,300,Bireysel
579,2023-12-06,1004,Telefon,Elektronik,600,2,1200,Bireysel
580,2023-11-21,1102,Kulaklýk,Elektronik,100,1,100,Kurumsal
581,2023-11-14,1195,Klavye,Elektronik,50,2,100,Bireysel
582,2023-06-21,1773,Telefon,Elektronik,600,3,1800,Kurumsal
583,2023-02-17,1876,Telefon,Elektronik,600,1,600,Premium
584,2023-05-01,1991,Kitap,Kýrtasiye,15,2,30,Premium
585,2023-12-11,1883,Mouse,Elektronik,25,4,100,Kurumsal
586,2023-06-08,1349,Laptop,Elektronik,800,1,800,Kurumsal
587,2023-04-26,1046,Kalem,Kýrtasiye,2,2,4,Premium
588,2023-04-12,1866,Defter,Kýrtasiye,5,3,15,Premium
589,2023-03-17,1822,Klavye,Elektronik,50,3,150,Kurumsal
590,2023-01-13,1935,Klavye,Elektronik,50,1,50,Premium
591,2023-01-24,1819,Defter,Kýrtasiye,5,2,10,Premium
592,2023-05-06,1655,Kahve Makinesi,Mutfak,150,1,150,Bireysel
593,2023-09-01,1268,Kulaklýk,Elektronik,100,1,100,Bireysel
594,2023-11-09,1369,Kahve Makinesi,Mutfak,150,2,300,Premium
595,2023-02-07,1635,Kahve Makinesi,Mutfak,150,2,300,Premium
596,2023-08-22,1105,Kitap,Kýrtasiye,15,4,60,Bireysel
597,2023-08-01,1669,Mouse,Elektronik,25,2,50,Premium
598,2023-11-19,1658,Defter,Kýrtasiye,5,3,15,Kurumsal
599,2023-10-22,1656,Laptop,Elektronik,800,1,800,Premium
600,2023-04-10,1119,Defter,Kýrtasiye,5,1,5,Premium
601,2023-12-23,1830,Laptop,Elektronik,800,3,2400,Kurumsal
602,2023-07-16,1786,Kalem,Kýrtasiye,2,2,4,Bireysel
603,2023-09-11,1603,Mouse,Elektronik,25,3,75,Premium
604,2023-07-24,1057,Kitap,Kýrtasiye,15,3,45,Bireysel
605,2023-05-05,1950,Blender,Mutfak,120,4,480,Bireysel
606,2023-03-17,1345,Defter,Kýrtasiye,5,3,15,Premium
607,2023-12-02,1740,Blender,Mutfak,120,1,120,Premium
608,2023-12-19,1473,Defter,Kýrtasiye,5,3,15,Bireysel
609,2023-01-03,1116,Defter,Kýrtasiye,5,1,5,Premium
610,2023-02-24,1829,Telefon,Elektronik,600,1,600,Premium
611,2023-08-06,1790,Mouse,Elektronik,25,1,25,Bireysel
612,2023-04-23,1126,Defter,Kýrtasiye,5,2,10,Bireysel
613,2023-04-01,1392,Laptop,Elektronik,800,4,3200,Kurumsal
614,2023-12-23,1907,Kitap,Kýrtasiye,15,1,15,Premium
615,2023-09-23,1640,Klavye,Elektronik,50,1,50,Kurumsal
616,2023-08-26,1057,Blender,Mutfak,120,2,240,Bireysel
617,2023-01-26,1633,Kalem,Kýrtasiye,2,1,2,Premium
618,2023-10-13,1512,Kitap,Kýrtasiye,15,3,45,Bireysel
619,2023-05-08,1750,Mouse,Elektronik,25,3,75,Premium
620,2023-03-04,1801,Defter,Kýrtasiye,5,4,20,Premium
621,2023-08-22,1095,Mouse,Elektronik,25,1,25,Kurumsal
622,2023-03-10,1637,Kulaklýk,Elektronik,100,2,200,Bireysel
623,2023-08-26,1117,Defter,Kýrtasiye,5,3,15,Premium
624,2023-12-08,1559,Blender,Mutfak,120,2,240,Kurumsal
625,2023-09-29,1600,Defter,Kýrtasiye,5,2,10,Bireysel
626,2023-10-14,1487,Kahve Makinesi,Mutfak,150,3,450,Kurumsal
627,2023-11-01,1236,Mouse,Elektronik,25,2,50,Bireysel
628,2023-06-12,1884,Defter,Kýrtasiye,5,3,15,Premium
629,2023-08-15,1896,Telefon,Elektronik,600,2,1200,Kurumsal
630,2023-11-10,1271,Kitap,Kýrtasiye,15,3,45,Kurumsal
631,2023-09-16,1188,Kulaklýk,Elektronik,100,1,100,Premium
632,2023-08-07,1998,Kitap,Kýrtasiye,15,4,60,Bireysel
633,2023-10-08,1703,Klavye,Elektronik,50,3,150,Premium
634,2023-08-17,1446,Mouse,Elektronik,25,3,75,Kurumsal
635,2023-03-23,1580,Kahve Makinesi,Mutfak,150,4,600,Premium
636,2023-09-01,1789,Mouse,Elektronik,25,3,75,Kurumsal
637,2023-08-19,1860,Kahve Makinesi,Mutfak,150,3,450,Premium
638,2023-05-13,1246,Kahve Makinesi,Mutfak,150,2,300,Bireysel
639,2023-05-07,1962,Kulaklýk,Elektronik,100,4,400,Kurumsal
640,2023-11-23,1075,Kitap,Kýrtasiye,15,1,15,Kurumsal
641,2023-05-22,1153,Kitap,Kýrtasiye,15,3,45,Bireysel
642,2023-09-24,1655,Klavye,Elektronik,50,4,200,Premium
643,2023-09-06,1434,Kulaklýk,Elektronik,100,2,200,Bireysel
644,2023-11-17,1996,Mouse,Elektronik,25,1,25,Premium
645,2023-05-03,1085,Klavye,Elektronik,50,4,200,Bireysel
646,2023-05-21,1696,Telefon,Elektronik,600,1,600,Bireysel
647,2023-08-14,1284,Kulaklýk,Elektronik,100,1,100,Kurumsal
648,2023-02-09,1973,Klavye,Elektronik,50,1,50,Kurumsal
649,2023-05-27,1219,Blender,Mutfak,120,3,360,Premium
650,2023-05-01,1068,Klavye,Elektronik,50,3,150,Bireysel
651,2023-05-20,1046,Mouse,Elektronik,25,2,50,Premium
652,2023-06-21,1093,Klavye,Elektronik,50,2,100,Bireysel
653,2023-06-13,1749,Kalem,Kýrtasiye,2,4,8,Bireysel
654,2023-10-04,1957,Kalem,Kýrtasiye,2,2,4,Kurumsal
655,2023-02-11,1452,Blender,Mutfak,120,1,120,Bireysel
656,2023-03-12,1203,Blender,Mutfak,120,1,120,Kurumsal
657,2023-03-19,1911,Kalem,Kýrtasiye,2,3,6,Kurumsal
658,2023-04-29,1217,Blender,Mutfak,120,1,120,Bireysel
659,2023-07-16,1473,Blender,Mutfak,120,4,480,Bireysel
660,2023-12-22,1431,Kitap,Kýrtasiye,15,1,15,Premium
661,2023-03-20,1340,Kitap,Kýrtasiye,15,1,15,Premium
662,2023-12-28,1550,Klavye,Elektronik,50,4,200,Premium
663,2023-04-20,1611,Kalem,Kýrtasiye,2,2,4,Kurumsal
664,2023-02-02,1288,Mouse,Elektronik,25,2,50,Kurumsal
665,2023-08-01,1253,Kalem,Kýrtasiye,2,4,8,Kurumsal
666,2023-07-28,1733,Kalem,Kýrtasiye,2,3,6,Kurumsal
667,2023-06-19,1356,Telefon,Elektronik,600,1,600,Kurumsal
668,2023-10-05,1022,Telefon,Elektronik,600,4,2400,Kurumsal
669,2023-08-27,1761,Blender,Mutfak,120,1,120,Bireysel
670,2023-08-01,1521,Laptop,Elektronik,800,3,2400,Premium
671,2023-02-01,1757,Kitap,Kýrtasiye,15,1,15,Premium
672,2023-04-16,1836,Kahve Makinesi,Mutfak,150,4,600,Premium
673,2023-08-04,1099,Mouse,Elektronik,25,1,25,Bireysel
674,2023-07-19,1801,Telefon,Elektronik,600,2,1200,Premium
675,2023-10-27,1179,Kalem,Kýrtasiye,2,3,6,Kurumsal
676,2023-12-23,1222,Kalem,Kýrtasiye,2,3,6,Bireysel
677,2023-01-11,1905,Laptop,Elektronik,800,3,2400,Bireysel
678,2023-10-22,1761,Laptop,Elektronik,800,4,3200,Premium
679,2023-07-14,1658,Kitap,Kýrtasiye,15,3,45,Kurumsal
680,2023-09-02,1441,Telefon,Elektronik,600,2,1200,Premium
681,2023-01-04,1607,Mouse,Elektronik,25,4,100,Bireysel
682,2023-06-30,1768,Mouse,Elektronik,25,2,50,Premium
683,2023-06-02,1324,Blender,Mutfak,120,1,120,Bireysel
684,2023-07-19,1515,Blender,Mutfak,120,1,120,Bireysel
685,2023-08-03,1015,Kahve Makinesi,Mutfak,150,1,150,Bireysel
686,2023-10-03,1791,Defter,Kýrtasiye,5,1,5,Kurumsal
687,2023-10-07,1335,Kalem,Kýrtasiye,2,2,4,Kurumsal
688,2023-11-05,1758,Blender,Mutfak,120,4,480,Premium
689,2023-04-23,1257,Kahve Makinesi,Mutfak,150,4,600,Premium
690,2023-09-07,1496,Laptop,Elektronik,800,3,2400,Premium
691,2023-04-23,1987,Kalem,Kýrtasiye,2,2,4,Kurumsal
692,2023-05-20,1895,Blender,Mutfak,120,1,120,Premium
693,2023-08-12,1159,Kulaklýk,Elektronik,100,2,200,Kurumsal
694,2023-09-06,1474,Kitap,Kýrtasiye,15,3,45,Bireysel
695,2023-01-15,1851,Blender,Mutfak,120,3,360,Bireysel
696,2023-07-19,1663,Kalem,Kýrtasiye,2,2,4,Kurumsal
697,2023-06-22,1907,Kahve Makinesi,Mutfak,150,2,300,Kurumsal
698,2023-12-09,1689,Klavye,Elektronik,50,2,100,Bireysel
699,2023-12-14,1674,Laptop,Elektronik,800,4,3200,Kurumsal
700,2023-07-27,1379,Kalem,Kýrtasiye,2,1,2,Bireysel
701,2023-03-26,1544,Mouse,Elektronik,25,2,50,Premium
702,2023-08-28,1928,Kitap,Kýrtasiye,15,2,30,Bireysel
703,2023-03-07,1956,Mouse,Elektronik,25,2,50,Bireysel
704,2023-11-15,1690,Kahve Makinesi,Mutfak,150,3,450,Premium
705,2023-10-01,1426,Klavye,Elektronik,50,3,150,Kurumsal
706,2023-01-14,1612,Laptop,Elektronik,800,4,3200,Premium
707,2023-07-21,1267,Kulaklýk,Elektronik,100,1,100,Bireysel
708,2023-10-31,1834,Kalem,Kýrtasiye,2,4,8,Bireysel
709,2023-10-16,1576,Kalem,Kýrtasiye,2,1,2,Bireysel
710,2023-12-06,1416,Kahve Makinesi,Mutfak,150,3,450,Bireysel
711,2023-01-14,1167,Kahve Makinesi,Mutfak,150,3,450,Bireysel
712,2023-02-12,1841,Blender,Mutfak,120,3,360,Premium
713,2023-11-26,1042,Klavye,Elektronik,50,4,200,Bireysel
714,2023-08-08,1555,Kitap,Kýrtasiye,15,2,30,Kurumsal
715,2023-03-11,1284,Kitap,Kýrtasiye,15,2,30,Premium
716,2023-08-25,1396,Telefon,Elektronik,600,3,1800,Premium
717,2023-04-04,1011,Defter,Kýrtasiye,5,2,10,Premium
718,2023-01-26,1606,Defter,Kýrtasiye,5,2,10,Bireysel
719,2023-05-14,1301,Kitap,Kýrtasiye,15,4,60,Bireysel
720,2023-07-14,1897,Blender,Mutfak,120,1,120,Premium
721,2023-06-17,1252,Laptop,Elektronik,800,3,2400,Bireysel
722,2023-04-19,1498,Kitap,Kýrtasiye,15,3,45,Kurumsal
723,2023-08-21,1753,Mouse,Elektronik,25,4,100,Kurumsal
724,2023-06-17,1034,Kitap,Kýrtasiye,15,4,60,Bireysel
725,2023-06-22,1726,Mouse,Elektronik,25,2,50,Premium
726,2023-07-14,1848,Kahve Makinesi,Mutfak,150,3,450,Bireysel
727,2023-05-23,1089,Defter,Kýrtasiye,5,1,5,Bireysel
728,2023-08-04,1775,Telefon,Elektronik,600,4,2400,Bireysel
729,2023-05-10,1604,Telefon,Elektronik,600,1,600,Premium
730,2023-02-11,1921,Blender,Mutfak,120,1,120,Kurumsal
731,2023-08-29,1969,Klavye,Elektronik,50,3,150,Bireysel
732,2023-01-10,1601,Kitap,Kýrtasiye,15,3,45,Premium
733,2023-10-04,1417,Mouse,Elektronik,25,4,100,Premium
734,2023-01-27,1114,Blender,Mutfak,120,3,360,Kurumsal
735,2023-06-29,1616,Klavye,Elektronik,50,3,150,Premium
736,2023-04-25,1902,Kitap,Kýrtasiye,15,3,45,Premium
737,2023-11-29,1195,Telefon,Elektronik,600,1,600,Premium
738,2023-02-05,1825,Defter,Kýrtasiye,5,4,20,Kurumsal
739,2023-11-30,1500,Klavye,Elektronik,50,2,100,Bireysel
740,2023-01-21,1625,Blender,Mutfak,120,1,120,Kurumsal
741,2023-01-16,1492,Mouse,Elektronik,25,3,75,Bireysel
742,2023-05-07,1074,Telefon,Elektronik,600,1,600,Premium
743,2023-04-13,1412,Kahve Makinesi,Mutfak,150,3,450,Premium
744,2023-01-11,1375,Defter,Kýrtasiye,5,3,15,Bireysel
745,2023-11-15,1419,Kitap,Kýrtasiye,15,1,15,Kurumsal
746,2023-03-20,1728,Klavye,Elektronik,50,4,200,Kurumsal
747,2023-05-03,1276,Kahve Makinesi,Mutfak,150,3,450,Kurumsal
748,2023-03-06,1760,Mouse,Elektronik,25,4,100,Bireysel
749,2023-08-31,1675,Defter,Kýrtasiye,5,2,10,Premium
750,2023-12-09,1393,Kahve Makinesi,Mutfak,150,3,450,Premium
751,2023-02-28,1868,Kitap,Kýrtasiye,15,4,60,Premium
752,2023-10-16,1456,Laptop,Elektronik,800,4,3200,Bireysel
753,2023-04-22,1919,Kitap,Kýrtasiye,15,2,30,Premium
754,2023-08-27,1191,Telefon,Elektronik,600,4,2400,Premium
755,2023-12-25,1738,Klavye,Elektronik,50,4,200,Kurumsal
756,2023-05-12,1688,Kulaklýk,Elektronik,100,2,200,Premium
757,2023-07-08,1098,Kitap,Kýrtasiye,15,3,45,Kurumsal
758,2023-03-27,1547,Kalem,Kýrtasiye,2,4,8,Bireysel
759,2023-11-07,1977,Kulaklýk,Elektronik,100,4,400,Kurumsal
760,2023-11-07,1998,Kulaklýk,Elektronik,100,4,400,Premium
761,2023-02-28,1095,Klavye,Elektronik,50,1,50,Premium
762,2023-03-25,1663,Klavye,Elektronik,50,2,100,Kurumsal
763,2023-06-09,1662,Mouse,Elektronik,25,1,25,Premium
764,2023-02-25,1189,Telefon,Elektronik,600,2,1200,Kurumsal
765,2023-10-24,1735,Mouse,Elektronik,25,3,75,Premium
766,2023-01-14,1036,Kahve Makinesi,Mutfak,150,3,450,Kurumsal
767,2023-06-09,1779,Kahve Makinesi,Mutfak,150,4,600,Kurumsal
768,2023-10-22,1368,Kahve Makinesi,Mutfak,150,2,300,Bireysel
769,2023-12-13,1694,Laptop,Elektronik,800,3,2400,Kurumsal
770,2023-07-12,1524,Kitap,Kýrtasiye,15,2,30,Kurumsal
771,2023-07-23,1278,Blender,Mutfak,120,3,360,Bireysel
772,2023-04-12,1216,Klavye,Elektronik,50,1,50,Premium
773,2023-02-08,1866,Blender,Mutfak,120,3,360,Kurumsal
774,2023-10-31,1872,Defter,Kýrtasiye,5,1,5,Bireysel
775,2023-12-20,1797,Klavye,Elektronik,50,3,150,Bireysel
776,2023-11-18,1272,Klavye,Elektronik,50,4,200,Kurumsal
777,2023-05-05,1880,Klavye,Elektronik,50,1,50,Premium
778,2023-02-22,1061,Blender,Mutfak,120,3,360,Bireysel
779,2023-12-23,1595,Klavye,Elektronik,50,4,200,Kurumsal
780,2023-06-04,1879,Kalem,Kýrtasiye,2,1,2,Bireysel
781,2023-12-17,1728,Laptop,Elektronik,800,4,3200,Premium
782,2023-11-04,1341,Defter,Kýrtasiye,5,2,10,Kurumsal
783,2023-03-03,1396,Kitap,Kýrtasiye,15,2,30,Kurumsal
784,2023-10-17,1698,Kulaklýk,Elektronik,100,1,100,Premium
785,2023-01-22,1018,Kalem,Kýrtasiye,2,3,6,Premium
786,2023-06-27,1176,Blender,Mutfak,120,1,120,Bireysel
787,2023-09-30,1611,Telefon,Elektronik,600,4,2400,Kurumsal
788,2023-08-08,1395,Kalem,Kýrtasiye,2,3,6,Bireysel
789,2023-12-05,1444,Kulaklýk,Elektronik,100,2,200,Kurumsal
790,2023-07-09,1232,Kahve Makinesi,Mutfak,150,3,450,Bireysel
791,2023-02-05,1914,Kulaklýk,Elektronik,100,2,200,Kurumsal
792,2023-09-17,1075,Telefon,Elektronik,600,3,1800,Premium
793,2023-11-28,1264,Kalem,Kýrtasiye,2,3,6,Bireysel
794,2023-06-24,1454,Kulaklýk,Elektronik,100,3,300,Kurumsal
795,2023-01-07,1795,Kitap,Kýrtasiye,15,4,60,Kurumsal
796,2023-08-04,1717,Blender,Mutfak,120,4,480,Bireysel
797,2023-09-08,1734,Kalem,Kýrtasiye,2,1,2,Premium
798,2023-02-24,1383,Kalem,Kýrtasiye,2,1,2,Premium
799,2023-08-10,1563,Telefon,Elektronik,600,2,1200,Bireysel
800,2023-07-05,1850,Defter,Kýrtasiye,5,4,20,Bireysel
801,2023-11-22,1505,Kahve Makinesi,Mutfak,150,2,300,Kurumsal
802,2023-08-24,1366,Kahve Makinesi,Mutfak,150,1,150,Kurumsal
803,2023-12-29,1143,Defter,Kýrtasiye,5,2,10,Premium
804,2023-03-20,1884,Klavye,Elektronik,50,1,50,Premium
805,2023-08-11,1068,Kulaklýk,Elektronik,100,4,400,Premium
806,2023-04-01,1098,Blender,Mutfak,120,3,360,Bireysel
807,2023-09-25,1395,Klavye,Elektronik,50,4,200,Bireysel
808,2023-11-30,1024,Telefon,Elektronik,600,2,1200,Bireysel
809,2023-05-19,1947,Laptop,Elektronik,800,2,1600,Premium
810,2023-11-12,1890,Kalem,Kýrtasiye,2,4,8,Premium
811,2023-10-03,1468,Kitap,Kýrtasiye,15,4,60,Premium
812,2023-09-05,1483,Kahve Makinesi,Mutfak,150,1,150,Premium
813,2023-08-27,1564,Mouse,Elektronik,25,2,50,Bireysel
814,2023-08-12,1150,Kahve Makinesi,Mutfak,150,2,300,Kurumsal
815,2023-10-31,1143,Mouse,Elektronik,25,4,100,Bireysel
816,2023-05-18,1568,Telefon,Elektronik,600,3,1800,Kurumsal
817,2023-06-15,1038,Mouse,Elektronik,25,2,50,Kurumsal
818,2023-05-06,1108,Klavye,Elektronik,50,3,150,Bireysel
819,2023-02-14,1692,Telefon,Elektronik,600,4,2400,Bireysel
820,2023-05-23,1041,Kalem,Kýrtasiye,2,4,8,Bireysel
821,2023-08-19,1185,Kahve Makinesi,Mutfak,150,1,150,Premium
822,2023-05-05,1934,Klavye,Elektronik,50,2,100,Bireysel
823,2023-08-26,1397,Defter,Kýrtasiye,5,3,15,Premium
824,2023-10-19,1222,Mouse,Elektronik,25,1,25,Kurumsal
825,2023-11-09,1633,Kulaklýk,Elektronik,100,2,200,Bireysel
826,2023-12-09,1132,Kalem,Kýrtasiye,2,1,2,Premium
827,2023-07-14,1162,Kitap,Kýrtasiye,15,4,60,Premium
828,2023-06-22,1214,Laptop,Elektronik,800,2,1600,Premium
829,2023-01-15,1732,Defter,Kýrtasiye,5,1,5,Bireysel
830,2023-09-11,1234,Laptop,Elektronik,800,1,800,Kurumsal
831,2023-06-16,1842,Defter,Kýrtasiye,5,3,15,Bireysel
832,2023-04-04,1657,Kahve Makinesi,Mutfak,150,1,150,Premium
833,2023-09-07,1750,Kitap,Kýrtasiye,15,2,30,Kurumsal
834,2023-04-19,1587,Kulaklýk,Elektronik,100,2,200,Kurumsal
835,2023-07-01,1008,Defter,Kýrtasiye,5,3,15,Kurumsal
836,2023-05-13,1073,Mouse,Elektronik,25,2,50,Kurumsal
837,2023-06-24,1953,Kitap,Kýrtasiye,15,4,60,Premium
838,2023-05-24,1491,Kulaklýk,Elektronik,100,2,200,Premium
839,2023-11-02,1912,Laptop,Elektronik,800,2,1600,Kurumsal
840,2023-12-26,1252,Kitap,Kýrtasiye,15,1,15,Kurumsal
841,2023-05-22,1229,Mouse,Elektronik,25,1,25,Kurumsal
842,2023-10-12,1518,Kitap,Kýrtasiye,15,2,30,Kurumsal
843,2023-01-06,1173,Klavye,Elektronik,50,3,150,Premium
844,2023-09-22,1652,Klavye,Elektronik,50,1,50,Kurumsal
845,2023-04-08,1167,Laptop,Elektronik,800,3,2400,Kurumsal
846,2023-02-13,1169,Telefon,Elektronik,600,2,1200,Bireysel
847,2023-05-04,1392,Kalem,Kýrtasiye,2,2,4,Premium
848,2023-07-28,1945,Klavye,Elektronik,50,4,200,Kurumsal
849,2023-09-08,1794,Kalem,Kýrtasiye,2,1,2,Kurumsal
850,2023-10-12,1633,Kalem,Kýrtasiye,2,2,4,Bireysel
851,2023-05-04,1193,Blender,Mutfak,120,4,480,Kurumsal
852,2023-12-20,1516,Laptop,Elektronik,800,1,800,Kurumsal
853,2023-09-01,1028,Mouse,Elektronik,25,2,50,Kurumsal
854,2023-11-27,1164,Laptop,Elektronik,800,2,1600,Bireysel
855,2023-12-31,1421,Telefon,Elektronik,600,1,600,Premium
856,2023-09-09,1338,Kulaklýk,Elektronik,100,1,100,Bireysel
857,2023-08-18,1647,Klavye,Elektronik,50,1,50,Premium
858,2023-01-09,1495,Kahve Makinesi,Mutfak,150,2,300,Bireysel
859,2023-02-17,1364,Blender,Mutfak,120,2,240,Bireysel
860,2023-05-31,1832,Kahve Makinesi,Mutfak,150,4,600,Kurumsal
861,2023-04-24,1341,Defter,Kýrtasiye,5,3,15,Premium
862,2023-07-27,1499,Mouse,Elektronik,25,1,25,Premium
863,2023-12-21,1656,Telefon,Elektronik,600,2,1200,Premium
864,2023-05-05,1510,Kulaklýk,Elektronik,100,2,200,Premium
865,2023-06-06,1326,Telefon,Elektronik,600,1,600,Kurumsal
866,2023-12-06,1216,Mouse,Elektronik,25,3,75,Kurumsal
867,2023-10-25,1300,Laptop,Elektronik,800,1,800,Bireysel
868,2023-07-08,1131,Kulaklýk,Elektronik,100,3,300,Bireysel
869,2023-08-31,1803,Defter,Kýrtasiye,5,2,10,Kurumsal
870,2023-10-11,1069,Blender,Mutfak,120,3,360,Bireysel
871,2023-09-29,1251,Kalem,Kýrtasiye,2,4,8,Kurumsal
872,2023-06-26,1414,Mouse,Elektronik,25,2,50,Premium
873,2023-08-06,1786,Mouse,Elektronik,25,4,100,Bireysel
874,2023-10-09,1444,Kalem,Kýrtasiye,2,1,2,Kurumsal
875,2023-06-19,1875,Blender,Mutfak,120,1,120,Premium
876,2023-06-30,1181,Kahve Makinesi,Mutfak,150,1,150,Premium
877,2023-12-26,1166,Laptop,Elektronik,800,3,2400,Premium
878,2023-08-21,1090,Kahve Makinesi,Mutfak,150,2,300,Kurumsal
879,2023-05-19,1713,Blender,Mutfak,120,1,120,Kurumsal
880,2023-06-06,1857,Kulaklýk,Elektronik,100,1,100,Kurumsal
881,2023-05-09,1530,Klavye,Elektronik,50,2,100,Premium
882,2023-04-29,1038,Telefon,Elektronik,600,1,600,Premium
883,2023-03-03,1125,Defter,Kýrtasiye,5,4,20,Premium
884,2023-04-09,1450,Laptop,Elektronik,800,2,1600,Kurumsal
885,2023-06-11,1172,Blender,Mutfak,120,2,240,Kurumsal
886,2023-03-03,1652,Kitap,Kýrtasiye,15,2,30,Bireysel
887,2023-10-02,1753,Kulaklýk,Elektronik,100,4,400,Premium
888,2023-12-20,1219,Blender,Mutfak,120,2,240,Kurumsal
889,2023-04-05,1637,Defter,Kýrtasiye,5,4,20,Bireysel
890,2023-04-09,1057,Klavye,Elektronik,50,2,100,Bireysel
891,2023-04-21,1659,Mouse,Elektronik,25,3,75,Premium
892,2023-09-05,1475,Kahve Makinesi,Mutfak,150,1,150,Premium
893,2023-05-22,1455,Kitap,Kýrtasiye,15,3,45,Kurumsal
894,2023-10-29,1828,Mouse,Elektronik,25,1,25,Bireysel
895,2023-09-26,1894,Kahve Makinesi,Mutfak,150,4,600,Premium
896,2023-11-02,1360,Kahve Makinesi,Mutfak,150,3,450,Premium
897,2023-05-25,1934,Kahve Makinesi,Mutfak,150,2,300,Bireysel
898,2023-02-21,1000,Kahve Makinesi,Mutfak,150,1,150,Premium
899,2023-04-10,1386,Kahve Makinesi,Mutfak,150,1,150,Bireysel
900,2023-06-01,1972,Laptop,Elektronik,800,3,2400,Bireysel
901,2023-04-27,1347,Defter,Kýrtasiye,5,4,20,Premium
902,2023-07-04,1189,Kalem,Kýrtasiye,2,3,6,Bireysel
903,2023-04-02,1504,Laptop,Elektronik,800,4,3200,Bireysel
904,2023-06-04,1190,Defter,Kýrtasiye,5,4,20,Kurumsal
905,2023-01-08,1507,Kitap,Kýrtasiye,15,1,15,Bireysel
906,2023-12-29,1368,Telefon,Elektronik,600,3,1800,Premium
907,2023-10-01,1408,Laptop,Elektronik,800,3,2400,Bireysel
908,2023-03-06,1823,Kitap,Kýrtasiye,15,4,60,Bireysel
909,2023-05-21,1928,Mouse,Elektronik,25,3,75,Premium
910,2023-01-24,1933,Kitap,Kýrtasiye,15,2,30,Bireysel
911,2023-01-28,1116,Kulaklýk,Elektronik,100,2,200,Bireysel
912,2023-10-11,1133,Mouse,Elektronik,25,3,75,Bireysel
913,2023-05-30,1057,Blender,Mutfak,120,3,360,Premium
914,2023-12-24,1555,Kitap,Kýrtasiye,15,4,60,Kurumsal
915,2023-03-06,1684,Klavye,Elektronik,50,2,100,Kurumsal
916,2023-11-23,1671,Laptop,Elektronik,800,2,1600,Bireysel
917,2023-09-09,1172,Kitap,Kýrtasiye,15,1,15,Premium
918,2023-02-22,1828,Kahve Makinesi,Mutfak,150,4,600,Premium
919,2023-01-07,1814,Kitap,Kýrtasiye,15,1,15,Premium
920,2023-10-21,1148,Klavye,Elektronik,50,2,100,Premium
921,2023-05-26,1079,Kalem,Kýrtasiye,2,4,8,Kurumsal
922,2023-08-29,1885,Kalem,Kýrtasiye,2,3,6,Premium
923,2023-09-03,1212,Klavye,Elektronik,50,4,200,Kurumsal
924,2023-08-14,1202,Klavye,Elektronik,50,3,150,Bireysel
925,2023-06-24,1763,Mouse,Elektronik,25,3,75,Bireysel
926,2023-04-05,1228,Kalem,Kýrtasiye,2,4,8,Premium
927,2023-01-27,1675,Laptop,Elektronik,800,3,2400,Premium
928,2023-05-10,1226,Telefon,Elektronik,600,1,600,Kurumsal
929,2023-09-02,1658,Kulaklýk,Elektronik,100,2,200,Bireysel
930,2023-02-28,1531,Laptop,Elektronik,800,3,2400,Bireysel
931,2023-02-03,1440,Kulaklýk,Elektronik,100,1,100,Premium
932,2023-07-25,1401,Laptop,Elektronik,800,3,2400,Premium
933,2023-09-09,1046,Kitap,Kýrtasiye,15,2,30,Kurumsal
934,2023-02-07,1232,Telefon,Elektronik,600,1,600,Premium
935,2023-10-23,1304,Kahve Makinesi,Mutfak,150,2,300,Kurumsal
936,2023-11-19,1525,Defter,Kýrtasiye,5,2,10,Bireysel
937,2023-12-18,1142,Kahve Makinesi,Mutfak,150,1,150,Premium
938,2023-01-28,1414,Kalem,Kýrtasiye,2,1,2,Premium
939,2023-03-19,1512,Telefon,Elektronik,600,1,600,Premium
940,2023-03-18,1372,Laptop,Elektronik,800,4,3200,Kurumsal
941,2023-10-16,1565,Kulaklýk,Elektronik,100,1,100,Bireysel
942,2023-06-05,1885,Telefon,Elektronik,600,1,600,Bireysel
943,2023-02-13,1258,Kitap,Kýrtasiye,15,1,15,Bireysel
944,2023-05-08,1655,Laptop,Elektronik,800,1,800,Premium
945,2023-03-02,1470,Kitap,Kýrtasiye,15,3,45,Bireysel
946,2023-10-13,1952,Telefon,Elektronik,600,4,2400,Bireysel
947,2023-08-02,1970,Mouse,Elektronik,25,2,50,Bireysel
948,2023-11-07,1011,Kitap,Kýrtasiye,15,1,15,Premium
949,2023-11-02,1329,Defter,Kýrtasiye,5,3,15,Premium
950,2023-11-13,1735,Defter,Kýrtasiye,5,3,15,Kurumsal
951,2023-04-26,1783,Kalem,Kýrtasiye,2,3,6,Kurumsal
952,2023-09-25,1967,Defter,Kýrtasiye,5,2,10,Kurumsal
953,2023-07-14,1357,Kitap,Kýrtasiye,15,1,15,Kurumsal
954,2023-08-19,1971,Klavye,Elektronik,50,4,200,Bireysel
955,2023-08-15,1407,Kalem,Kýrtasiye,2,4,8,Kurumsal
956,2023-06-02,1667,Kalem,Kýrtasiye,2,3,6,Kurumsal
957,2023-10-29,1372,Kitap,Kýrtasiye,15,2,30,Kurumsal
958,2023-08-08,1007,Kahve Makinesi,Mutfak,150,2,300,Premium
959,2023-06-06,1121,Telefon,Elektronik,600,2,1200,Bireysel
960,2023-10-19,1347,Mouse,Elektronik,25,4,100,Premium
961,2023-11-14,1675,Defter,Kýrtasiye,5,3,15,Bireysel
962,2023-01-31,1089,Mouse,Elektronik,25,1,25,Kurumsal
963,2023-11-09,1647,Defter,Kýrtasiye,5,4,20,Premium
964,2023-02-20,1697,Blender,Mutfak,120,3,360,Bireysel
965,2023-04-17,1315,Klavye,Elektronik,50,3,150,Premium
966,2023-11-17,1177,Kahve Makinesi,Mutfak,150,1,150,Premium
967,2023-04-19,1539,Telefon,Elektronik,600,1,600,Bireysel
968,2023-05-16,1731,Kitap,Kýrtasiye,15,1,15,Bireysel
969,2023-12-05,1868,Mouse,Elektronik,25,2,50,Kurumsal
970,2023-02-11,1040,Mouse,Elektronik,25,1,25,Kurumsal
971,2023-03-22,1739,Kitap,Kýrtasiye,15,3,45,Kurumsal
972,2023-05-03,1703,Telefon,Elektronik,600,1,600,Premium
973,2023-03-30,1922,Telefon,Elektronik,600,3,1800,Kurumsal
974,2023-10-10,1501,Kalem,Kýrtasiye,2,4,8,Bireysel
975,2023-02-08,1958,Blender,Mutfak,120,2,240,Premium
976,2023-03-22,1144,Defter,Kýrtasiye,5,4,20,Bireysel
977,2023-01-02,1200,Klavye,Elektronik,50,4,200,Premium
978,2023-07-29,1928,Kalem,Kýrtasiye,2,3,6,Bireysel
979,2023-08-19,1723,Kitap,Kýrtasiye,15,4,60,Bireysel
980,2023-12-19,1460,Kalem,Kýrtasiye,2,3,6,Kurumsal
981,2023-11-01,1731,Laptop,Elektronik,800,1,800,Kurumsal
982,2023-08-29,1751,Kitap,Kýrtasiye,15,1,15,Premium
983,2023-05-30,1924,Blender,Mutfak,120,3,360,Kurumsal
984,2023-01-17,1908,Defter,Kýrtasiye,5,1,5,Premium
985,2023-04-29,1557,Telefon,Elektronik,600,2,1200,Bireysel
986,2023-05-28,1546,Laptop,Elektronik,800,4,3200,Premium
987,2023-12-28,1252,Mouse,Elektronik,25,2,50,Bireysel
988,2023-05-25,1389,Defter,Kýrtasiye,5,4,20,Bireysel
989,2023-12-26,1593,Kitap,Kýrtasiye,15,1,15,Bireysel
990,2023-08-21,1882,Kahve Makinesi,Mutfak,150,2,300,Premium
991,2023-02-06,1255,Klavye,Elektronik,50,1,50,Premium
992,2023-12-18,1708,Laptop,Elektronik,800,4,3200,Kurumsal
993,2023-04-30,1814,Klavye,Elektronik,50,3,150,Kurumsal
994,2023-05-16,1920,Blender,Mutfak,120,3,360,Bireysel
995,2023-11-17,1449,Kalem,Kýrtasiye,2,2,4,Bireysel
996,2023-10-29,1009,Laptop,Elektronik,800,1,800,Premium
997,2023-12-05,1823,Klavye,Elektronik,50,1,50,Kurumsal
998,2023-04-12,1797,Mouse,Elektronik,25,2,50,Premium
999,2023-08-06,1241,Kulaklýk,Elektronik,100,3,300,Premium
1000,2023-02-28,1250,Kitap,Kýrtasiye,15,4,60,Premium
